Sample,Hour,Minute,Sec,Stamp,Quat1,Quat2,Quat3,Quat4,AccX,AccY,AccZ,Stamp2,Quat2_1,Quat2_2,Quat2_3,Quat2_4,Acc2_X,Acc2_Y,Acc2_Z,A0,A1,A2,A3,A4,A5,A6,A7,A8,A9,A10,A11,A12,A13,A14,Frame,Time,realTime,BrazoX,BrazoY,BrazoZ,angBrazoX,angBrazoY,angBrazoZ,EspaldaX,EspaldaY,EspaldaZ,refX,refY,refZ,type
2,16,45,2.64,3765.54,0.700178,-0.019305,0.698478,-0.146652,-0.96842,0.1789,-0.0252,3762.44,0.141745,-0.70877,0.236805,-0.649212,-0.97283,0.10461,0.10681,2.36,2.58,2.72,2.9,3.11,3.07,3.06,3.88,3.17,3.93,4,3.95,3.91,3.85,3.74,2763,11.5125,60302.6415,64.490013,941.712769,-211.749847,1.73308257445115,2.45587576522663,2.22972143660618,9.055508,791.586975,153.550217,112.912003,1173.660645,-28.260857,"CRUZINT"
3,16,45,2.648,3765.56,0.700182,-0.019431,0.698446,-0.146767,-0.96894,0.17688,-0.02747,3762.46,0.141547,-0.708733,0.236822,-0.64929,-0.97262,0.10526,0.11011,2.36,2.58,2.72,2.9,3.11,3.07,3.06,3.88,3.17,3.93,4,3.96,3.91,3.85,3.73,2765,11.520833,60302.649833,64.509827,941.709045,-211.755234,1.7330660293016,2.45588895060565,2.22971353708951,9.044442,791.592346,153.548447,112.92672,1173.658447,-28.268888,"CRUZINT"
4,16,45,2.662,3765.58,0.70018,-0.01956,0.69843,-0.146833,-0.96779,0.17542,-0.02558,3762.48,0.141359,-0.708762,0.236856,-0.649286,-0.97599,0.10073,0.1153,2.36,2.58,2.72,2.9,3.11,3.07,3.06,3.88,3.17,3.93,4,3.96,3.9,3.85,3.73,2768,11.533333,60302.662333,64.538498,941.703369,-211.768982,1.73294199815525,2.45591530169818,2.22972769421457,9.036698,791.583923,153.536743,112.920708,1173.667358,-28.271698,"CRUZINT"
5,16,45,2.671,3765.6,0.700129,-0.019692,0.698473,-0.146859,-0.96742,0.17207,-0.02478,3762.5,0.141143,-0.708843,0.236776,-0.649274,-0.98059,0.10174,0.11342,2.36,2.58,2.72,2.9,3.11,3.07,3.06,3.88,3.17,3.93,4,3.96,3.9,3.85,3.74,2771,11.545833,60302.674833,64.572662,941.703613,-211.785126,1.7328156185321,2.45591547086733,2.22976909948596,9.034153,791.57666,153.527008,112.916443,1173.662598,-28.282015,"CRUZINT"
6,16,45,2.677,3765.62,0.700125,-0.019743,0.698469,-0.146892,-0.96892,0.17029,-0.02527,3762.52,0.140901,-0.70897,0.236662,-0.64923,-0.97766,0.10484,0.11215,2.36,2.58,2.72,2.9,3.11,3.07,3.06,3.88,3.17,3.93,4,3.96,3.9,3.85,3.74,2772,11.55,60302.679,64.58815,941.694397,-211.79306,1.73271174447816,2.45592236377673,2.22979626998863,9.031315,791.578552,153.525146,112.902245,1173.659668,-28.279573,"CRUZINT"
7,16,45,2.684,3765.64,0.700121,-0.019772,0.698476,-0.146875,-0.97013,0.1699,-0.02419,3762.54,0.140718,-0.709106,0.236601,-0.649143,-0.97541,0.10458,0.11101,2.36,2.58,2.72,2.9,3.11,3.06,3.06,3.88,3.17,3.93,4,3.96,3.9,3.85,3.73,2774,11.558333,60302.687333,64.611061,941.695679,-211.803116,1.73264077293743,2.45593230843065,2.22980952207361,9.035786,791.57251,153.52597,112.904724,1173.665527,-28.284361,"CRUZINT"
8,16,45,2.691,3765.66,0.700065,-0.019801,0.698535,-0.146856,-0.96938,0.17168,-0.02801,3762.56,0.140698,-0.709199,0.23659,-0.64905,-0.97264,0.10074,0.11074,2.36,2.58,2.72,2.9,3.11,3.07,3.06,3.88,3.17,3.93,4,3.96,3.9,3.85,3.74,2775,11.5625,60302.6915,64.625809,941.695435,-211.809769,1.73256245880718,2.45591218517437,2.22985561373337,9.029366,791.575928,153.519821,112.895248,1173.656372,-28.284122,"CRUZINT"
9,16,45,2.705,3765.68,0.700047,-0.019808,0.698548,-0.146876,-0.96605,0.17355,-0.02902,3762.58,0.140726,-0.709288,0.236733,-0.648895,-0.97156,0.09919,0.11084,2.36,2.58,2.72,2.9,3.11,3.07,3.06,3.88,3.17,3.93,4,3.96,3.9,3.85,3.74,2779,11.579167,60302.708167,64.672966,941.692993,-211.827393,1.73233532064568,2.45589659722836,2.2299459205638,9.037519,791.560059,153.52002,112.877281,1173.660889,-28.272503,"CRUZINT"
10,16,45,2.711,3765.7,0.70016,-0.019779,0.698449,-0.146811,-0.96872,0.17285,-0.03027,3762.6,0.140838,-0.709237,0.236904,-0.648864,-0.9756,0.09989,0.10571,2.36,2.58,2.72,2.9,3.11,3.07,3.06,3.88,3.17,3.93,4,3.96,3.9,3.85,3.73,2780,11.583333,60302.712333,64.680405,941.69342,-211.83139,1.73226980086834,2.45588897975143,2.22997511004271,9.036831,791.564514,153.524582,112.864891,1173.657715,-28.27129,"CRUZINT"
11,16,45,2.716,3765.72,0.700182,-0.019711,0.698434,-0.146788,-0.971,0.17153,-0.03019,3762.62,0.140884,-0.709232,0.237036,-0.648811,-0.97658,0.10181,0.10686,2.36,2.58,2.72,2.9,3.11,3.07,3.06,3.88,3.17,3.93,4,3.96,3.9,3.85,3.73,2781,11.5875,60302.7165,64.683701,941.693909,-211.825531,1.73226213879009,2.45590787656783,2.22995849254481,9.034604,791.558594,153.524338,112.865784,1173.661133,-28.269888,"CRUZINT"
12,16,45,2.723,3765.74,0.700204,-0.019636,0.698424,-0.14674,-0.97182,0.17542,-0.02891,3762.64,0.140985,-0.709144,0.237189,-0.64883,-0.97716,0.10046,0.10897,2.36,2.58,2.72,2.9,3.11,3.07,3.06,3.88,3.17,3.93,4,3.96,3.91,3.85,3.73,2783,11.595833,60302.724833,64.70121,941.69928,-211.831421,1.73216722361542,2.4558954935261,2.23000212557066,9.039186,791.551636,153.525421,112.855324,1173.664673,-28.26503,"CRUZINT"
13,16,45,2.73,3765.76,0.700249,-0.019514,0.698406,-0.146628,-0.9669,0.1754,-0.02842,3762.66,0.141178,-0.709038,0.237352,-0.648844,-0.9758,0.09916,0.11428,2.36,2.58,2.72,2.9,3.11,3.07,3.06,3.88,3.17,3.93,4,3.96,3.9,3.85,3.74,2785,11.604167,60302.733167,64.713669,941.707886,-211.821762,1.73213319934244,2.45587193613793,2.23003711475923,9.041033,791.547668,153.536301,112.857544,1173.667969,-28.247746,"CRUZINT"
14,16,45,2.742,3765.78,0.700266,-0.01942,0.698415,-0.146518,-0.96613,0.1736,-0.02954,3762.68,0.14135,-0.708929,0.23757,-0.648845,-0.97682,0.10186,0.11619,2.36,2.58,2.72,2.9,3.11,3.06,3.06,3.88,3.17,3.93,4,3.96,3.9,3.85,3.74,2788,11.616667,60302.745667,64.725021,941.719543,-211.810242,1.73206297122454,2.4558457296852,2.23008663454324,9.041803,791.545776,153.545212,112.848381,1173.675903,-28.223505,"CRUZINT"
15,16,45,2.759,3765.8,0.700212,-0.019332,0.698467,-0.146538,-0.96596,0.17573,-0.02537,3762.7,0.141465,-0.708888,0.237624,-0.648846,-0.97815,0.10172,0.11518,2.36,2.58,2.72,2.9,3.11,3.07,3.06,3.88,3.17,3.93,4,3.96,3.9,3.85,3.74,2792,11.633333,60302.762333,64.735756,941.737244,-211.789719,1.73201815083645,2.45584637139096,2.23010065385982,9.044588,791.543945,153.564529,112.846161,1173.69519,-28.198502,"CRUZINT"
16,16,45,2.766,3765.82,0.700176,-0.019287,0.698514,-0.146489,-0.96697,0.17678,-0.02497,3762.72,0.141564,-0.708848,0.237723,-0.648831,-0.97792,0.09837,0.11454,2.37,2.58,2.72,2.9,3.11,3.07,3.06,3.88,3.17,3.93,4,3.96,3.9,3.85,3.73,2793,11.6375,60302.7665,64.739624,941.743713,-211.784393,1.73202552140541,2.45583171550239,2.23011307691356,9.043591,791.545959,153.564606,112.851799,1173.696899,-28.191799,"CRUZINT"
17,16,45,2.795,3765.84,0.700143,-0.019252,0.698559,-0.146439,-0.96723,0.17571,-0.02679,3762.74,0.141657,-0.708823,0.237805,-0.648809,-0.97714,0.09827,0.11335,2.36,2.58,2.72,2.9,3.11,3.07,3.06,3.88,3.17,3.93,4,3.96,3.9,3.85,3.74,2800,11.666667,60302.795667,64.766525,941.784912,-211.743317,1.73186909359543,2.45576559890246,2.23023116567126,9.029556,791.553955,153.578339,112.832787,1173.727295,-28.121368,"CRUZINT"
18,16,45,2.818,3765.86,0.700114,-0.019199,0.698582,-0.146476,-0.96748,0.17719,-0.02911,3762.76,0.141814,-0.708761,0.237818,-0.648836,-0.97485,0.10271,0.11089,2.36,2.59,2.72,2.9,3.11,3.07,3.06,3.88,3.17,3.93,4,3.96,3.9,3.85,3.74,2806,11.691667,60302.820667,64.793716,941.821106,-211.700577,1.73178652559446,2.45572194786553,2.23030233441097,9.025808,791.547546,153.596298,112.834373,1173.749512,-28.066277,"CRUZINT"
19,16,45,2.823,3765.88,0.700093,-0.019214,0.698605,-0.146466,-0.96847,0.17508,-0.02679,3762.78,0.141882,-0.708743,0.237887,-0.648817,-0.97307,0.10313,0.11272,2.36,2.59,2.72,2.9,3.11,3.07,3.06,3.88,3.17,3.93,4,3.96,3.9,3.85,3.74,2807,11.695833,60302.824833,64.792831,941.825623,-211.689758,1.7317592415886,2.45572153274547,2.23031166883509,9.022644,791.550903,153.601196,112.824371,1173.748901,-28.057245,"CRUZINT"
20,16,45,2.855,3765.9,0.700119,-0.019267,0.698579,-0.146458,-0.97037,0.17486,-0.02785,3762.8,0.141917,-0.708789,0.237841,-0.648775,-0.97123,0.10151,0.11344,2.36,2.59,2.72,2.9,3.11,3.07,3.06,3.88,3.17,3.93,4,3.96,3.9,3.85,3.74,2815,11.729167,60302.858167,64.817902,941.840576,-211.646088,1.73165990788799,2.45570912972074,2.23035666422809,9.029879,791.525818,153.612534,112.820557,1173.763916,-28.001005,"CRUZINT"
21,16,45,2.875,3765.92,0.700133,-0.019298,0.698564,-0.146458,-0.96802,0.17505,-0.02771,3762.82,0.141978,-0.708784,0.237905,-0.648744,-0.97158,0.10249,0.1129,2.36,2.58,2.72,2.9,3.11,3.07,3.06,3.88,3.17,3.93,4,3.96,3.9,3.85,3.74,2820,11.75,60302.879,64.810112,941.833252,-211.620209,1.73168159941761,2.45570909629815,2.23034961548961,9.028173,791.516968,153.619186,112.81916,1173.75647,-27.976887,"CRUZINT"
22,16,45,2.883,3765.94,0.700146,-0.019313,0.698562,-0.146406,-0.96725,0.17388,-0.02745,3762.84,0.141959,-0.708786,0.237927,-0.648738,-0.9698,0.10348,0.11478,2.36,2.59,2.72,2.9,3.11,3.07,3.06,3.88,3.17,3.93,4,3.95,3.9,3.85,3.73,2821,11.754167,60302.883167,64.809326,941.833618,-211.618256,1.73166846043766,2.45569473285981,2.23036844354295,9.027824,791.510376,153.621582,112.814445,1173.753906,-27.970636,"CRUZINT"
23,16,45,2.937,3765.96,0.700149,-0.019312,0.698568,-0.146359,-0.96697,0.17475,-0.02699,3762.86,0.141871,-0.708826,0.237928,-0.648713,-0.97318,0.10306,0.11398,2.36,2.58,2.72,2.9,3.11,3.07,3.06,3.88,3.17,3.93,4,3.96,3.91,3.85,3.73,2834,11.808333,60302.937333,64.746788,941.822754,-211.521912,1.73187668567911,2.45570769495874,2.23028729310988,9.022433,791.484985,153.653412,112.812691,1173.741577,-27.89662,"CRUZINT"
24,16,45,2.942,3765.98,0.700151,-0.019315,0.698572,-0.146332,-0.96631,0.17404,-0.02658,3762.88,0.141727,-0.708873,0.237902,-0.648702,-0.97672,0.10224,0.11417,2.36,2.58,2.72,2.9,3.11,3.07,3.06,3.88,3.17,3.93,4,3.96,3.9,3.85,3.74,2836,11.816667,60302.945667,64.734184,941.826782,-211.510361,1.73189408451614,2.45565375645893,2.23033620020051,9.023686,791.482727,153.657074,112.806091,1173.739502,-27.870211,"CRUZINT"
25,16,45,2.96,3766,0.700091,-0.019308,0.698642,-0.146288,-0.96737,0.1739,-0.02611,3762.9,0.141683,-0.708887,0.237746,-0.648754,-0.97817,0.1012,0.1129,2.36,2.59,2.72,2.9,3.11,3.07,3.06,3.88,3.17,3.93,4,3.96,3.9,3.85,3.74,2840,11.833333,60302.962333,64.717148,941.845276,-211.486115,1.73198052612829,2.45563186174982,2.23033009194443,9.012071,791.475037,153.670578,112.81469,1173.75415,-27.847166,"CRUZINT"
26,16,45,2.965,3766.02,0.700081,-0.019263,0.698669,-0.146209,-0.96716,0.17367,-0.02829,3762.92,0.14164,-0.708917,0.237759,-0.648726,-0.97813,0.10193,0.11424,2.36,2.58,2.72,2.9,3.11,3.07,3.06,3.88,3.17,3.93,4,3.96,3.91,3.85,3.74,2841,11.8375,60302.9665,64.718719,941.855286,-211.480606,1.73196761127866,2.45560668086186,2.23035980429135,9.012464,791.479492,153.669937,112.812141,1173.757935,-27.835764,"CRUZINT"
27,16,45,2.995,3766.04,0.700052,-0.019236,0.698718,-0.146119,-0.96873,0.17358,-0.02787,3762.94,0.14161,-0.70896,0.237805,-0.648669,-0.9786,0.10191,0.11536,2.36,2.59,2.72,2.9,3.11,3.07,3.06,3.88,3.17,3.93,4,3.96,3.91,3.85,3.73,2848,11.866667,60302.995667,64.654007,941.931213,-211.427597,1.73226712817099,2.4553931281043,2.23047790709605,8.985298,791.467651,153.696396,112.834839,1173.787598,-27.759315,"CRUZINT"
28,16,45,3.018,3766.06,0.700066,-0.019213,0.698709,-0.146097,-0.96927,0.17433,-0.02844,3762.96,0.141511,-0.70904,0.23781,-0.648601,-0.9785,0.10449,0.1159,2.36,2.59,2.72,2.9,3.11,3.07,3.06,3.88,3.17,3.93,4,3.96,3.9,3.85,3.74,2854,11.891667,60303.020667,64.572655,942.003967,-211.370804,1.73259682044528,2.45517029670695,2.23059533257277,8.975229,791.458801,153.718491,112.851402,1173.819946,-27.673201,"CRUZINT"
29,16,45,3.023,3766.08,0.700059,-0.019206,0.698725,-0.146054,-0.96894,0.17592,-0.02792,3762.98,0.141363,-0.709114,0.237808,-0.648553,-0.97501,0.10346,0.11565,2.37,2.59,2.72,2.9,3.11,3.07,3.06,3.88,3.17,3.93,4,3.96,3.91,3.85,3.74,2855,11.895833,60303.024833,64.559799,942.015625,-211.365479,1.73263792173959,2.45510378384433,2.23064916510479,8.977057,791.45459,153.727722,112.850906,1173.819946,-27.654356,"CRUZINT"
30,16,45,3.074,3766.1,0.699974,-0.019253,0.698827,-0.145969,-0.96915,0.17257,-0.02761,3763,0.141267,-0.709106,0.23781,-0.648582,-0.97386,0.10413,0.11332,2.37,2.59,2.72,2.9,3.11,3.07,3.06,3.88,3.17,3.93,4,3.96,3.9,3.85,3.74,2867,11.945833,60303.074833,64.42218,942.10437,-211.294815,1.73313857003573,2.45479681308135,2.23079526983759,8.990318,791.4422,153.769333,112.858063,1173.834595,-27.561607,"CRUZINT"
31,16,45,3.079,3766.12,0.69998,-0.019256,0.698827,-0.14594,-0.96765,0.17304,-0.02898,3763.02,0.141112,-0.709166,0.237819,-0.648547,-0.97215,0.10411,0.11063,2.36,2.59,2.72,2.9,3.11,3.07,3.06,3.88,3.17,3.93,4,3.95,3.9,3.85,3.73,2868,11.95,60303.079,64.413727,942.10907,-211.29155,1.73315735599025,2.45477046942796,2.23081575043953,8.993585,791.448975,153.773117,112.855408,1173.835449,-27.552574,"CRUZINT"
32,16,45,3.097,3766.14,0.699972,-0.019264,0.698839,-0.145917,-0.96729,0.17548,-0.0259,3763.04,0.140972,-0.709202,0.237838,-0.648531,-0.96957,0.10587,0.10676,2.36,2.59,2.72,2.9,3.11,3.06,3.06,3.88,3.17,3.93,4,3.96,3.9,3.85,3.73,2873,11.970833,60303.099833,64.406937,942.109131,-211.300964,1.73328514026779,2.45469353421645,2.2308515307147,9.003098,791.442993,153.778549,112.886925,1173.823364,-27.551556,"CRUZINT"
33,16,45,3.102,3766.16,0.699964,-0.019328,0.698853,-0.145882,-0.96899,0.17519,-0.02677,3763.06,0.140955,-0.70907,0.23795,-0.648638,-0.96946,0.1061,0.10557,2.37,2.59,2.72,2.9,3.11,3.07,3.06,3.88,3.17,3.93,4,3.96,3.91,3.85,3.74,2874,11.975,60303.104,64.411232,942.109985,-211.309311,1.73326831410929,2.45465951868237,2.23089150993484,9.00657,791.438904,153.778168,112.886192,1173.817505,-27.550636,"CRUZINT"
34,16,45,3.135,3766.18,0.699952,-0.019376,0.698863,-0.145884,-0.96831,0.17489,-0.02501,3763.08,0.14088,-0.709081,0.238051,-0.648605,-0.97271,0.10552,0.10395,2.36,2.59,2.72,2.9,3.11,3.07,3.06,3.88,3.17,3.93,4,3.96,3.91,3.85,3.73,2882,12.008333,60303.137333,64.510185,942.097229,-211.39064,1.73314240922802,2.45467705489806,2.23091523450987,9.000163,791.44281,153.733643,112.94738,1173.805542,-27.628363,"CRUZINT"
35,16,45,3.16,3766.2,0.699961,-0.019435,0.698845,-0.14592,-0.97009,0.1729,-0.02534,3763.1,0.140979,-0.708948,0.238157,-0.64869,-0.97688,0.10447,0.10407,2.36,2.59,2.72,2.9,3.11,3.07,3.06,3.88,3.17,3.93,4,3.96,3.9,3.85,3.74,2888,12.033333,60303.162333,64.648613,942.08252,-211.477417,1.73285290138532,2.45467853353423,2.23100898833036,8.980763,791.452515,153.673294,113.001366,1173.796753,-27.688475,"CRUZINT"
36,16,45,3.165,3766.22,0.699954,-0.019512,0.698844,-0.145945,-0.96892,0.1724,-0.02332,3763.12,0.14106,-0.708939,0.238299,-0.648631,-0.97613,0.10242,0.10749,2.36,2.59,2.72,2.9,3.11,3.06,3.06,3.88,3.17,3.93,4,3.96,3.9,3.85,3.73,2889,12.0375,60303.1665,64.668831,942.082092,-211.488419,1.73283777070707,2.4546847370161,2.23100768251224,8.980561,791.448547,153.664932,113.016876,1173.796387,-27.700672,"CRUZINT"
37,16,45,3.22,3766.24,0.699931,-0.019567,0.698861,-0.145969,-0.96892,0.16968,-0.02541,3763.14,0.141199,-0.70891,0.238448,-0.648577,-0.97679,0.10221,0.11154,2.36,2.59,2.72,2.9,3.11,3.07,3.06,3.88,3.17,3.93,4,3.96,3.91,3.85,3.73,2902,12.091667,60303.220667,64.953362,942.053833,-211.66095,1.73229219528996,2.45473680113813,2.23113401132488,8.932825,791.461914,153.541031,113.140259,1173.779053,-27.842484,"CRUZINT"
38,16,45,3.225,3766.26,0.700018,-0.019622,0.698803,-0.145824,-0.97011,0.16949,-0.02734,3763.16,0.141377,-0.708894,0.238546,-0.648519,-0.97557,0.10304,0.11553,2.36,2.59,2.72,2.9,3.11,3.07,3.06,3.88,3.17,3.93,4,3.96,3.9,3.85,3.74,2904,12.1,60303.229,64.987709,942.039734,-211.681046,1.73220792649697,2.45477347291171,2.23112449415108,8.932083,791.459473,153.52977,113.149742,1173.772217,-27.864599,"CRUZINT"
39,16,45,3.23,3766.28,0.70003,-0.019551,0.698804,-0.145769,-0.96917,0.17022,-0.02745,3763.18,0.141567,-0.708871,0.238662,-0.648461,-0.9733,0.10235,0.11597,2.36,2.59,2.72,2.9,3.11,3.07,3.06,3.88,3.17,3.93,4,3.96,3.9,3.85,3.74,2905,12.104167,60303.233167,64.999092,942.03479,-211.687073,1.7321858059295,2.45480116057672,2.23110371335049,8.927039,791.462219,153.519928,113.154922,1173.77417,-27.874247,"CRUZINT"
40,16,45,3.274,3766.3,0.700059,-0.019412,0.698793,-0.1457,-0.96917,0.17146,-0.02679,3763.2,0.141776,-0.708863,0.238682,-0.648416,-0.97417,0.09959,0.11516,2.36,2.58,2.72,2.9,3.11,3.07,3.06,3.88,3.17,3.93,4,3.96,3.9,3.85,3.74,2915,12.145833,60303.274833,65.147705,941.957336,-211.722839,1.73172492857469,2.45503976544438,2.23101290588826,8.92074,791.462097,153.495926,113.169159,1173.751465,-27.92404,"CRUZINT"
41,16,45,3.279,3766.32,0.700089,-0.019257,0.698789,-0.145595,-0.96906,0.17287,-0.02675,3763.22,0.142014,-0.708821,0.238784,-0.648373,-0.97578,0.09923,0.11285,2.36,2.59,2.72,2.9,3.11,3.07,3.06,3.88,3.17,3.93,4,3.96,3.9,3.85,3.74,2916,12.15,60303.279,65.159889,941.956238,-211.723877,1.731659435221,2.45502240154439,2.23105185910879,8.921502,791.459045,153.499176,113.162247,1173.748413,-27.914791,"CRUZINT"
42,16,45,3.297,3766.34,0.700118,-0.019102,0.698783,-0.145508,-0.96769,0.17479,-0.02726,3763.24,0.142287,-0.70873,0.238913,-0.648365,-0.97684,0.09762,0.11389,2.36,2.59,2.72,2.9,3.11,3.06,3.06,3.88,3.17,3.93,4,3.96,3.9,3.85,3.74,2921,12.170833,60303.299833,65.221184,941.91449,-211.711838,1.73137324993549,2.45518243857412,2.23098321863704,8.922586,791.463013,153.518204,113.140846,1173.746582,-27.911455,"CRUZINT"
43,16,45,3.302,3766.36,0.700146,-0.01892,0.698773,-0.145444,-0.96708,0.17632,-0.02647,3763.26,0.142613,-0.708591,0.239005,-0.648411,-0.97698,0.09781,0.11435,2.36,2.59,2.72,2.9,3.11,3.07,3.06,3.88,3.17,3.93,4,3.96,3.91,3.85,3.74,2922,12.175,60303.304,65.228859,941.910522,-211.709045,1.73133017342148,2.45519676093927,2.23098275753405,8.928203,791.459167,153.522491,113.135429,1173.743652,-27.910105,"CRUZINT"
44,16,45,3.335,3766.38,0.700179,-0.018798,0.698759,-0.145369,-0.96688,0.17676,-0.02656,3763.28,0.142912,-0.708466,0.239129,-0.648436,-0.97475,0.09985,0.11562,2.36,2.59,2.72,2.9,3.11,3.07,3.06,3.88,3.17,3.93,4,3.96,3.91,3.85,3.74,2930,12.208333,60303.337333,65.276955,941.844849,-211.647247,1.73099468745472,2.45546934825268,2.23081607046494,8.952684,791.460754,153.577332,113.085449,1173.735474,-27.88323,"CRUZINT"
45,16,45,3.359,3766.4,0.700189,-0.018676,0.698752,-0.145369,-0.96723,0.17854,-0.02576,3763.3,0.14313,-0.708434,0.239154,-0.648414,-0.97325,0.10196,0.11795,2.36,2.59,2.72,2.9,3.11,3.07,3.06,3.88,3.17,3.93,4,3.96,3.91,3.85,3.74,2936,12.233333,60303.362333,65.28688,941.794067,-211.595688,1.73089951835113,2.45565936171718,2.23065470837143,8.975548,791.465881,153.622833,113.069038,1173.729614,-27.862871,"CRUZINT"
46,16,45,3.363,3766.42,0.700203,-0.01863,0.698745,-0.145339,-0.96817,0.17746,-0.02738,3763.32,0.143288,-0.708386,0.239172,-0.648424,-0.97382,0.10118,0.11687,2.36,2.59,2.72,2.9,3.11,3.07,3.06,3.88,3.17,3.93,4,3.96,3.91,3.85,3.74,2937,12.2375,60303.3665,65.281738,941.783386,-211.584671,1.73090951418741,2.45568705724968,2.2306234318495,8.980852,791.467163,153.627533,113.067116,1173.725464,-27.858252,"CRUZINT"
47,16,45,3.416,3766.44,0.700205,-0.018651,0.69874,-0.145352,-0.96788,0.17641,-0.0274,3763.34,0.143405,-0.708381,0.239167,-0.648406,-0.97382,0.10123,0.1137,2.36,2.59,2.72,2.9,3.11,3.07,3.06,3.88,3.17,3.93,4,3.95,3.91,3.85,3.74,2949,12.2875,60303.4165,65.235657,941.706177,-211.485901,1.73111376664157,2.45601505309574,2.23022505815821,9.017076,791.488892,153.662598,113.08239,1173.714966,-27.850309,"CRUZINT"
48,16,45,3.421,3766.46,0.700113,-0.018687,0.698821,-0.145401,-0.96739,0.17665,-0.02513,3763.36,0.143572,-0.708382,0.239058,-0.648408,-0.97421,0.10125,0.11203,2.36,2.59,2.72,2.9,3.11,3.07,3.06,3.88,3.17,3.93,4,3.96,3.9,3.85,3.74,2951,12.295833,60303.424833,65.227943,941.704285,-211.470749,1.73116777223471,2.45607784994946,2.23014392269139,9.022123,791.491089,153.665634,113.089897,1173.721313,-27.857288,"CRUZINT"
49,16,45,3.435,3766.48,0.700118,-0.018749,0.698809,-0.145427,-0.96772,0.17494,-0.02679,3763.38,0.143641,-0.708448,0.23898,-0.648349,-0.97452,0.10374,0.11332,2.36,2.59,2.72,2.9,3.11,3.07,3.06,3.88,3.17,3.93,4,3.96,3.9,3.85,3.74,2954,12.308333,60303.437333,65.201187,941.693176,-211.459152,1.73131865242989,2.45611134485779,2.23006087753043,9.023039,791.496765,153.660812,113.108185,1173.718506,-27.863825,"CRUZINT"
50,16,45,3.455,3766.5,0.70011,-0.018847,0.698815,-0.145423,-0.96943,0.17355,-0.02625,3763.4,0.14362,-0.708531,0.238902,-0.648293,-0.97398,0.10604,0.11396,2.36,2.59,2.72,2.9,3.11,3.07,3.06,3.88,3.17,3.93,4,3.96,3.9,3.85,3.74,2959,12.329167,60303.458167,65.166595,941.686218,-211.452972,1.73158018523797,2.45615247982493,2.229933946307,9.028034,791.493042,153.645218,113.149384,1173.71167,-27.893797,"CRUZINT"
51,16,45,3.46,3766.52,0.700117,-0.018928,0.698797,-0.145466,-0.96922,0.17273,-0.02668,3763.42,0.143525,-0.708675,0.238755,-0.648211,-0.97325,0.10601,0.11323,2.36,2.59,2.72,2.9,3.11,3.07,3.06,3.88,3.17,3.93,4,3.95,3.91,3.85,3.74,2960,12.333333,60303.462333,65.159012,941.683716,-211.454834,1.73163541455807,2.45617469303547,2.22989343195281,9.026262,791.49762,153.639328,113.157837,1173.711914,-27.90642,"CRUZINT"
52,16,45,3.495,3766.54,0.700133,-0.01898,0.698776,-0.145483,-0.96882,0.17132,-0.02548,3763.44,0.143401,-0.708837,0.238667,-0.648093,-0.97412,0.10158,0.1145,2.36,2.59,2.72,2.9,3.11,3.07,3.06,3.88,3.17,3.93,4,3.96,3.9,3.85,3.74,2968,12.366667,60303.495667,65.10984,941.679443,-211.492905,1.73202193669054,2.45611244091923,2.22983008905028,9.023592,791.505188,153.599411,113.22197,1173.690796,-27.963482,"CRUZINT"
53,16,45,3.515,3766.56,0.700227,-0.019059,0.698689,-0.145436,-0.96816,0.17085,-0.02818,3763.46,0.143275,-0.708968,0.238599,-0.648002,-0.9744,0.10301,0.11292,2.36,2.59,2.72,2.9,3.11,3.07,3.06,3.88,3.17,3.93,4,3.96,3.91,3.85,3.74,2973,12.3875,60303.5165,65.070793,941.66803,-211.518265,1.73224118153177,2.45612445809591,2.22974611926912,9.021033,791.511841,153.586853,113.247902,1173.682251,-28.008274,"CRUZINT"
54,16,45,3.523,3766.58,0.700251,-0.019061,0.698661,-0.145459,-0.96905,0.17071,-0.02787,3763.48,0.143091,-0.709096,0.238508,-0.647937,-0.9755,0.10427,0.11133,2.36,2.59,2.72,2.9,3.11,3.07,3.06,3.88,3.17,3.93,4,3.96,3.91,3.85,3.74,2975,12.395833,60303.524833,65.048454,941.669556,-211.524124,1.7323366807541,2.45614771460332,2.22969126901688,9.017712,791.510681,153.580765,113.251945,1173.679199,-28.034241,"CRUZINT"
55,16,45,3.579,3766.6,0.70015,-0.019003,0.698756,-0.145498,-0.96798,0.17095,-0.02675,3763.5,0.142891,-0.70916,0.238386,-0.647955,-0.9743,0.10313,0.11253,2.36,2.59,2.72,2.9,3.11,3.07,3.06,3.88,3.17,3.93,4,3.95,3.91,3.85,3.74,2988,12.45,60303.579,64.937073,941.643433,-211.605423,1.73268468309191,2.45608862786026,2.22963684448452,9.007211,791.526245,153.55336,113.244614,1173.647217,-28.124205,"CRUZINT"
56,16,45,3.584,3766.62,0.700178,-0.018945,0.698737,-0.145463,-0.96861,0.17324,-0.02708,3763.52,0.142704,-0.709213,0.238366,-0.647946,-0.97379,0.10156,0.11569,2.36,2.59,2.72,2.9,3.11,3.07,3.06,3.88,3.17,3.93,4,3.96,3.91,3.85,3.74,2990,12.458333,60303.587333,64.912811,941.638916,-211.616577,1.73274315122851,2.4560550745292,2.22965159574454,9.008371,791.523499,153.557236,113.237701,1173.636597,-28.131655,"CRUZINT"
57,16,45,3.589,3766.64,0.700205,-0.018867,0.698719,-0.145423,-0.96729,0.17411,-0.02897,3763.54,0.142571,-0.709243,0.238426,-0.64792,-0.977,0.09734,0.11551,2.36,2.59,2.72,2.9,3.11,3.07,3.06,3.88,3.17,3.93,4,3.96,3.91,3.85,3.74,2991,12.4625,60303.5915,64.902267,941.642517,-211.620895,1.73280558543685,2.45603637001877,2.22965000378522,9.000974,791.526917,153.562103,113.245308,1173.635132,-28.13755,"CRUZINT"
58,16,45,3.633,3766.66,0.700221,-0.018784,0.698706,-0.145423,-0.96765,0.17514,-0.02771,3763.56,0.142456,-0.709246,0.238388,-0.647956,-0.97897,0.10003,0.11337,2.36,2.59,2.72,2.9,3.11,3.07,3.06,3.88,3.17,3.93,4,3.96,3.9,3.85,3.73,3001,12.504167,60303.633167,64.814743,941.660156,-211.649445,1.73304535357117,2.45592485113767,2.22968400038056,9.000694,791.515503,153.584167,113.227577,1173.626221,-28.162306,"CRUZINT"
59,16,45,3.638,3766.68,0.70024,-0.018739,0.698695,-0.145388,-0.96805,0.1755,-0.0282,3763.58,0.142342,-0.709261,0.238373,-0.64797,-0.97951,0.10243,0.10948,2.36,2.58,2.72,2.9,3.11,3.07,3.06,3.88,3.17,3.93,4,3.96,3.91,3.85,3.74,3003,12.5125,60303.6415,64.807793,941.671631,-211.659119,1.73307195307548,2.45589871270831,2.22970170279715,9.007419,791.517639,153.58255,113.228714,1173.633789,-28.166952,"CRUZINT"
60,16,45,3.657,3766.7,0.700241,-0.018662,0.698701,-0.145368,-0.96826,0.17376,-0.02696,3763.6,0.142391,-0.70919,0.238329,-0.648053,-0.98022,0.10224,0.11067,2.36,2.58,2.72,2.9,3.11,3.07,3.06,3.88,3.17,3.93,4,3.96,3.9,3.85,3.73,3007,12.529167,60303.658167,64.793083,941.691711,-211.687302,1.7331393663674,2.45579706505238,2.22978240408416,9.012197,791.530884,153.572296,113.233803,1173.633911,-28.17654,"CRUZINT"
61,16,45,3.662,3766.72,0.700272,-0.018635,0.698667,-0.145387,-0.96781,0.17603,-0.02841,3763.62,0.142453,-0.709175,0.238445,-0.648014,-0.97539,0.09984,0.11166,2.36,2.59,2.72,2.9,3.11,3.07,3.06,3.88,3.17,3.93,4,3.96,3.9,3.85,3.74,3008,12.533333,60303.662333,64.79174,941.698242,-211.699112,1.73313151051,2.45576814911459,2.2298142670751,9.008572,791.532349,153.573669,113.23127,1173.640381,-28.176506,"CRUZINT"
62,16,45,3.695,3766.74,0.70027,-0.018642,0.698662,-0.145418,-0.96673,0.17613,-0.02478,3763.64,0.142498,-0.709163,0.238546,-0.647981,-0.97314,0.09966,0.11189,2.36,2.59,2.72,2.9,3.11,3.07,3.06,3.88,3.17,3.93,4,3.96,3.9,3.85,3.74,3016,12.566667,60303.695667,64.780899,941.718994,-211.744705,1.73307650984106,2.45573879030411,2.22986210746385,9.021103,791.559509,153.563995,113.202751,1173.648804,-28.21611,"CRUZINT"
63,16,45,3.715,3766.76,0.700295,-0.018658,0.698618,-0.145504,-0.96791,0.17555,-0.02827,3763.66,0.142676,-0.708974,0.238537,-0.648151,-0.97614,0.09851,0.10737,2.36,2.59,2.72,2.9,3.11,3.07,3.06,3.88,3.17,3.93,4,3.96,3.91,3.85,3.74,3021,12.5875,60303.7165,64.792435,941.71698,-211.761353,1.73295813770103,2.45578610924514,2.22985317467055,9.030999,791.569824,153.548889,113.179504,1173.65686,-28.234013,"CRUZINT"
64,16,45,3.726,3766.78,0.700283,-0.018685,0.698616,-0.145568,-0.97128,0.17414,-0.02577,3763.68,0.142721,-0.708937,0.238594,-0.64816,-0.97613,0.09952,0.10894,2.36,2.58,2.72,2.9,3.11,3.07,3.06,3.88,3.17,3.93,4,3.96,3.9,3.85,3.73,3024,12.6,60303.729,64.808655,941.713684,-211.770355,1.73286447463501,2.45583505042921,2.2298344458662,9.040858,791.566406,153.533798,113.168808,1173.666626,-28.244467,"CRUZINT"
65,16,45,3.775,3766.8,0.700186,-0.018677,0.698702,-0.14562,-0.97128,0.17569,-0.02567,3763.7,0.1428,-0.708843,0.238606,-0.648242,-0.97473,0.1012,0.11223,2.36,2.59,2.72,2.9,3.11,3.07,3.06,3.88,3.17,3.93,4,3.96,3.91,3.85,3.74,3036,12.65,60303.779,64.860519,941.695984,-211.827118,1.73245050772987,2.45585866760412,2.22994653542471,9.032733,791.552185,153.504028,113.099731,1173.660645,-28.268946,"CRUZINT"
66,16,45,3.78,3766.82,0.700204,-0.018668,0.698692,-0.145589,-0.96753,0.17582,-0.0249,3763.72,0.142918,-0.708792,0.238707,-0.648234,-0.97236,0.10203,0.11384,2.36,2.59,2.72,2.9,3.11,3.07,3.06,3.88,3.17,3.93,4,3.96,3.9,3.85,3.74,3037,12.654167,60303.783167,64.86174,941.697815,-211.834106,1.73241551506145,2.45584824639705,2.22996856489584,9.032825,791.546509,153.506195,113.090073,1173.657959,-28.272724,"CRUZINT"
67,16,45,3.795,3766.84,0.700193,-0.018663,0.698707,-0.145567,-0.96755,0.17106,-0.0272,3763.74,0.143002,-0.70875,0.238842,-0.648212,-0.97369,0.10245,0.11373,2.36,2.58,2.72,2.9,3.11,3.07,3.06,3.88,3.17,3.93,4,3.96,3.9,3.85,3.74,3040,12.666667,60303.795667,64.861313,941.692871,-211.847046,1.73238737932523,2.45583236163447,2.2299938735565,9.025306,791.541504,153.505676,113.0811,1173.648926,-28.280518,"CRUZINT"
68,16,45,3.816,3766.86,0.700188,-0.018609,0.698699,-0.145634,-0.96732,0.1736,-0.0275,3763.76,0.143034,-0.708764,0.238847,-0.648187,-0.97557,0.10025,0.11475,2.36,2.59,2.72,2.9,3.11,3.07,3.06,3.88,3.17,3.93,4,3.96,3.91,3.85,3.73,3045,12.6875,60303.8165,64.862846,941.685669,-211.852188,1.73228952586995,2.45588536838057,2.22997230047341,9.016472,791.536743,153.513977,113.054184,1173.654175,-28.288879,"CRUZINT"
69,16,45,3.821,3766.88,0.700182,-0.018582,0.698711,-0.14561,-0.96708,0.17278,-0.02884,3763.78,0.143063,-0.708756,0.238909,-0.648167,-0.97522,0.09855,0.11443,2.36,2.58,2.72,2.9,3.11,3.07,3.06,3.88,3.17,3.93,4,3.96,3.9,3.85,3.74,3047,12.695833,60303.824833,64.862488,941.679932,-211.850052,1.73224757364856,2.45589840880551,2.22997284979799,9.006962,791.53418,153.515427,113.041054,1173.64917,-28.287992,"CRUZINT"
70,16,45,3.855,3766.9,0.70017,-0.01853,0.69873,-0.145585,-0.96688,0.17402,-0.02822,3763.8,0.143216,-0.708613,0.238764,-0.648343,-0.97545,0.09858,0.11501,2.36,2.58,2.72,2.9,3.11,3.07,3.06,3.88,3.17,3.93,4,3.96,3.9,3.85,3.74,3055,12.729167,60303.858167,64.822128,941.666626,-211.82991,1.73209465029935,2.45593162309527,2.22998931935115,8.952229,791.529846,153.524078,112.954681,1173.638428,-28.266907,"CRUZINT"
71,16,45,3.86,3766.92,0.700174,-0.018469,0.698737,-0.145539,-0.96732,0.17655,-0.02944,3763.82,0.143195,-0.708597,0.238772,-0.648362,-0.974,0.10139,0.11373,2.36,2.59,2.72,2.9,3.11,3.07,3.06,3.88,3.17,3.93,4,3.96,3.91,3.85,3.74,3056,12.733333,60303.862333,64.817444,941.661133,-211.826309,1.73209185431512,2.45596265519575,2.22995882261087,8.944153,791.527466,153.522064,112.949493,1173.640381,-28.269299,"CRUZINT"
72,16,45,3.895,3766.94,0.700167,-0.018409,0.698753,-0.145504,-0.96804,0.17651,-0.02958,3763.84,0.14317,-0.708601,0.238806,-0.64835,-0.97281,0.10039,0.1148,2.36,2.59,2.72,2.9,3.11,3.07,3.06,3.88,3.17,3.93,4,3.96,3.91,3.85,3.74,3064,12.766667,60303.895667,64.758919,941.63385,-211.796432,1.73204149112167,2.4560223229942,2.22991491082737,8.899302,791.490356,153.547226,112.876747,1173.627686,-28.247242,"CRUZINT"
73,16,45,3.915,3766.96,0.700298,-0.0184,0.698627,-0.145481,-0.96955,0.17507,-0.03026,3763.86,0.143229,-0.708696,0.238542,-0.648331,-0.97377,0.0991,0.11361,2.36,2.59,2.72,2.9,3.11,3.07,3.06,3.88,3.17,3.93,4,3.96,3.91,3.85,3.74,3069,12.7875,60303.9165,64.717514,941.614807,-211.773376,1.73198868952974,2.45603299788767,2.22992138513102,8.881,791.46051,153.555435,112.820618,1173.61499,-28.219233,"CRUZINT"
74,16,45,3.923,3766.98,0.700288,-0.01837,0.698642,-0.145459,-0.96713,0.17515,-0.02921,3763.88,0.143256,-0.708696,0.238572,-0.648314,-0.97593,0.09961,0.11443,2.36,2.59,2.72,2.9,3.11,3.07,3.06,3.88,3.17,3.93,4,3.96,3.9,3.85,3.74,3071,12.795833,60303.924833,64.696808,941.608215,-211.766418,1.7320204201523,2.45603728465546,2.2299066623238,8.871022,791.45575,153.556793,112.809029,1173.60791,-28.216793,"CRUZINT"
75,16,45,3.975,3767,0.700258,-0.018328,0.698687,-0.145393,-0.96606,0.17475,-0.02771,3763.9,0.143269,-0.708662,0.238583,-0.648345,-0.97297,0.10304,0.1138,2.36,2.59,2.72,2.9,3.11,3.07,3.06,3.88,3.17,3.93,4,3.96,3.91,3.85,3.74,3084,12.85,60303.979,64.569176,941.536682,-211.688904,1.73189222590615,2.45631954129942,2.22966288873467,8.845103,791.414734,153.582214,112.639511,1173.570801,-28.212166,"CRUZINT"
76,16,45,3.98,3767.02,0.70024,-0.018281,0.698719,-0.145335,-0.96634,0.17583,-0.02748,3763.92,0.143205,-0.708711,0.238516,-0.648329,-0.97416,0.10188,0.11075,2.36,2.58,2.72,2.9,3.11,3.07,3.06,3.88,3.17,3.93,4,3.96,3.91,3.85,3.74,3085,12.854167,60303.983167,64.562881,941.528137,-211.686554,1.73186830292378,2.45634088826687,2.22964910392583,8.849154,791.411194,153.576553,112.627197,1173.571411,-28.209045,"CRUZINT"
77,16,45,3.999,3767.04,0.700199,-0.018252,0.698767,-0.145305,-0.96729,0.17521,-0.02635,3763.94,0.14313,-0.708763,0.238443,-0.648316,-0.97564,0.10113,0.107,2.36,2.59,2.72,2.9,3.11,3.07,3.06,3.88,3.17,3.93,4,3.96,3.91,3.85,3.74,3089,12.870833,60303.999833,64.57058,941.517334,-211.675613,1.73161899170859,2.45643895513145,2.22963130562036,8.840962,791.397888,153.575607,112.560188,1173.574585,-28.205976,"CRUZINT"
78,16,45,4.004,3767.06,0.700162,-0.018208,0.69881,-0.145281,-0.96885,0.175,-0.02527,3763.96,0.143407,-0.70836,0.23845,-0.648693,-0.98021,0.09916,0.10482,2.36,2.59,2.72,2.9,3.11,3.07,3.06,3.88,3.17,3.93,4,3.96,3.9,3.85,3.74,3090,12.875,60304.004,64.577179,941.515442,-211.667847,1.73156633856186,2.45645101991704,2.22963628365285,8.844957,791.393127,153.575363,112.551331,1173.575562,-28.196571,"CRUZINT"
79,16,45,4.058,3767.08,0.700133,-0.018169,0.698853,-0.145222,-0.96877,0.1747,-0.02494,3763.98,0.14346,-0.70831,0.238487,-0.648721,-0.98591,0.09773,0.10887,2.36,2.59,2.72,2.9,3.11,3.07,3.06,3.88,3.17,3.93,4,3.96,3.91,3.85,3.74,3103,12.929167,60304.058167,64.573586,941.646118,-211.571976,1.73089572255374,2.45621197896902,2.230096669793,8.804019,791.335205,153.582367,112.347755,1173.653198,-27.997717,"CRUZINT"
80,16,45,4.063,3767.1,0.70013,-0.018179,0.69887,-0.14515,-0.97063,0.17358,-0.02412,3764,0.143513,-0.708269,0.238513,-0.648746,-0.98563,0.10134,0.11642,2.37,2.59,2.72,2.9,3.11,3.07,3.06,3.88,3.17,3.93,4,3.96,3.9,3.85,3.74,3105,12.9375,60304.0665,64.547714,941.678528,-211.547699,1.73091102534464,2.45616229124828,2.23014198325039,8.804193,791.325867,153.589935,112.326202,1173.675171,-27.963507,"CRUZINT"
81,16,45,4.079,3767.12,0.7001,-0.018173,0.698903,-0.145137,-0.96943,0.17414,-0.02598,3764.02,0.143573,-0.708186,0.238579,-0.648799,-0.97747,0.10432,0.12256,2.36,2.58,2.72,2.9,3.11,3.07,3.06,3.88,3.17,3.93,4,3.96,3.91,3.85,3.74,3108,12.95,60304.079,64.486351,941.720764,-211.50795,1.73102394535838,2.45603493325934,2.23023416154175,8.805484,791.317505,153.61293,112.298546,1173.694702,-27.900772,"CRUZINT"
82,16,45,4.084,3767.14,0.700078,-0.01815,0.698932,-0.145104,-0.96723,0.17275,-0.02703,3764.04,0.143524,-0.708172,0.238619,-0.64881,-0.97185,0.10407,0.12282,2.37,2.59,2.72,2.9,3.11,3.07,3.06,3.88,3.17,3.93,4.01,3.96,3.91,3.85,3.74,3110,12.958333,60304.087333,64.433464,941.756531,-211.48526,1.73112459942745,2.45592394511192,2.23031374160751,8.801152,791.316345,153.630676,112.275223,1173.708374,-27.860054,"CRUZINT"
83,16,45,4.135,3767.16,0.700041,-0.018159,0.698995,-0.14498,-0.9673,0.17196,-0.02642,3764.06,0.143337,-0.708262,0.238622,-0.648752,-0.96983,0.10359,0.1189,2.36,2.59,2.72,2.9,3.11,3.06,3.06,3.88,3.17,3.93,4,3.96,3.91,3.85,3.74,3122,13.008333,60304.137333,64.145325,941.884338,-211.349625,1.73166707735962,2.45548628863793,2.23057986824207,8.842155,791.312317,153.771851,112.147171,1173.751221,-27.662895,"CRUZINT"
84,16,45,4.14,3767.18,0.699994,-0.018114,0.699062,-0.144886,-0.96713,0.17667,-0.02623,3764.08,0.14315,-0.70829,0.238608,-0.648767,-0.971,0.10259,0.11152,2.36,2.59,2.72,2.9,3.11,3.07,3.06,3.88,3.17,3.93,4,3.96,3.9,3.85,3.74,3123,13.0125,60304.1415,64.132019,941.895447,-211.348557,1.73170417984197,2.45545826746915,2.23059611500273,8.849882,791.310669,153.782135,112.143692,1173.751465,-27.662373,"CRUZINT"
85,16,45,4.159,3767.2,0.699906,-0.018041,0.699149,-0.144901,-0.96941,0.17871,-0.02541,3764.1,0.143044,-0.708114,0.238711,-0.648945,-0.97112,0.10475,0.10332,2.36,2.58,2.72,2.9,3.11,3.07,3.06,3.88,3.17,3.93,4,3.96,3.91,3.85,3.74,3128,13.033333,60304.162333,64.085152,941.920898,-211.322968,1.73171746094971,2.45537553621969,2.23067551201218,8.871583,791.32196,153.824112,112.101997,1173.767212,-27.613228,"CRUZINT"
86,16,45,4.164,3767.22,0.699863,-0.018105,0.699195,-0.14488,-0.96936,0.18035,-0.02483,3764.12,0.142861,-0.708054,0.238761,-0.649033,-0.97487,0.10594,0.10006,2.36,2.59,2.72,2.9,3.11,3.07,3.06,3.88,3.17,3.93,4,3.96,3.9,3.85,3.74,3129,13.0375,60304.1665,64.08213,941.927185,-211.32196,1.73172577584511,2.45533988780613,2.23070887698983,8.870897,791.322449,153.827759,112.101585,1173.767456,-27.603745,"CRUZINT"
87,16,45,4.195,3767.24,0.699834,-0.01822,0.699211,-0.144926,-0.96971,0.17939,-0.02372,3764.14,0.142707,-0.707956,0.23886,-0.649137,-0.97724,0.10205,0.10231,2.37,2.59,2.72,2.9,3.11,3.07,3.06,3.88,3.17,3.93,4,3.96,3.91,3.85,3.74,3136,13.066667,60304.195667,64.09214,941.984802,-211.30687,1.7316125611548,2.45519323959398,2.23089425601094,8.897046,791.325745,153.84903,112.077957,1173.796509,-27.545334,"CRUZINT"
88,16,45,4.2,3767.26,0.699801,-0.018343,0.699224,-0.145012,-0.96905,0.17726,-0.02391,3764.16,0.142582,-0.707876,0.238889,-0.649241,-0.97623,0.10114,0.1076,2.36,2.59,2.72,2.9,3.11,3.07,3.06,3.88,3.17,3.93,4,3.96,3.91,3.85,3.74,3138,13.075,60304.204,64.09919,942.006775,-211.313385,1.73164666641745,2.45510776347389,2.23096963439375,8.913822,791.327271,153.846848,112.095146,1173.80249,-27.533813,"CRUZINT"
89,16,45,4.257,3767.28,0.699806,-0.018463,0.6992,-0.145089,-0.96929,0.17411,-0.02373,3764.18,0.142395,-0.707879,0.238932,-0.649262,-0.97144,0.10474,0.11246,2.36,2.59,2.72,2.9,3.11,3.07,3.06,3.88,3.17,3.93,4,3.96,3.91,3.85,3.74,3151,13.129167,60304.258167,64.118881,942.099243,-211.352921,1.73197161897975,2.45478635073458,2.23118877999758,8.944483,791.322083,153.793198,112.208824,1173.823608,-27.52964,"CRUZINT"
90,16,45,4.262,3767.3,0.699829,-0.018628,0.699176,-0.145072,-0.96845,0.17137,-0.0241,3764.2,0.142171,-0.707955,0.238908,-0.649238,-0.97077,0.10699,0.113,2.36,2.59,2.72,2.9,3.11,3.07,3.06,3.88,3.17,3.93,4,3.96,3.91,3.85,3.74,3152,13.133333,60304.262333,64.118721,942.094727,-211.354111,1.73200229828843,2.4547986767891,2.23116627294179,8.942196,791.325806,153.786163,112.218063,1173.822998,-27.534916,"CRUZINT"
91,16,45,4.279,3767.32,0.69983,-0.01872,0.699166,-0.145101,-0.96912,0.16989,-0.02372,3764.22,0.141951,-0.708056,0.23889,-0.649183,-0.97248,0.10303,0.11014,2.36,2.59,2.72,2.9,3.11,3.06,3.06,3.88,3.17,3.93,4,3.96,3.91,3.85,3.74,3156,13.15,60304.279,64.127487,942.098938,-211.367493,1.73210725400214,2.45476893621784,2.23116203935452,8.93098,791.323303,153.761795,112.257462,1173.81958,-27.550869,"CRUZINT"
92,16,45,4.284,3767.34,0.699825,-0.018755,0.699172,-0.145093,-0.96823,0.17018,-0.02373,3764.24,0.141825,-0.708175,0.23887,-0.649088,-0.9745,0.0995,0.10983,2.36,2.59,2.72,2.9,3.11,3.07,3.06,3.88,3.17,3.93,4,3.95,3.91,3.85,3.74,3158,13.158333,60304.287333,64.140488,942.100342,-211.374146,1.73211305770075,2.45476812580324,2.23116096039161,8.921819,791.332153,153.74942,112.271286,1173.816528,-27.56119,"CRUZINT"
93,16,45,4.334,3767.36,0.699809,-0.018834,0.699213,-0.14496,-0.9687,0.17072,-0.02611,3764.26,0.141842,-0.708279,0.238757,-0.649013,-0.97307,0.10113,0.10986,2.36,2.59,2.72,2.9,3.11,3.07,3.06,3.88,3.17,3.93,4,3.96,3.91,3.85,3.74,3170,13.208333,60304.337333,64.240227,942.041443,-211.437744,1.73211204310377,2.45495662780438,2.23097050553422,8.861222,791.336853,153.678818,112.370728,1173.793457,-27.669853,"CRUZINT"
94,16,45,4.339,3767.38,0.699809,-0.018811,0.699227,-0.144897,-0.96845,0.17158,-0.02618,3764.28,0.141899,-0.708366,0.238785,-0.648894,-0.97271,0.10346,0.10756,2.36,2.59,2.72,2.9,3.11,3.07,3.06,3.88,3.17,3.93,4,3.96,3.91,3.85,3.74,3171,13.2125,60304.3415,64.253494,942.03241,-211.44487,1.73207921416721,2.45500423502724,2.23093306381471,8.859514,791.337341,153.675079,112.374207,1173.793091,-27.68614,"CRUZINT"
95,16,45,4.358,3767.4,0.699875,-0.018778,0.699178,-0.144817,-0.96931,0.17268,-0.02759,3764.3,0.142058,-0.708386,0.2388,-0.648832,-0.97299,0.10273,0.10856,2.36,2.59,2.72,2.9,3.11,3.07,3.06,3.88,3.17,3.93,4,3.96,3.9,3.85,3.74,3175,13.229167,60304.358167,64.286362,941.992065,-211.467636,1.731976722422,2.45510992799015,2.23085961604185,8.844329,791.339539,153.660629,112.376534,1173.771729,-27.727158,"CRUZINT"
96,16,45,4.363,3767.42,0.699899,-0.0187,0.699174,-0.144732,-0.96878,0.17268,-0.02727,3764.32,0.142242,-0.70838,0.2389,-0.648761,-0.97365,0.10069,0.11028,2.36,2.59,2.72,2.9,3.11,3.07,3.06,3.88,3.17,3.93,4,3.95,3.91,3.85,3.74,3177,13.2375,60304.3665,64.312057,941.970642,-211.471085,1.73188579163155,2.4552188235134,2.23077912937197,8.836428,791.343872,153.660965,112.374222,1173.765625,-27.75391,"CRUZINT"
97,16,45,4.395,3767.44,0.699936,-0.018584,0.699158,-0.144646,-0.96906,0.17299,-0.02802,3764.34,0.142461,-0.708353,0.238982,-0.648713,-0.97485,0.10236,0.11229,2.36,2.59,2.72,2.9,3.11,3.07,3.06,3.88,3.17,3.93,4.01,3.96,3.91,3.85,3.74,3184,13.266667,60304.395667,64.371857,941.863708,-211.484238,1.73155318918309,2.45557350811942,2.23052876066691,8.844656,791.338257,153.655731,112.336159,1173.728516,-27.824369,"CRUZINT"
98,16,45,4.418,3767.46,0.699992,-0.018462,0.699124,-0.144553,-0.96873,0.17367,-0.02787,3764.36,0.142688,-0.708296,0.238982,-0.648726,-0.9771,0.10195,0.1115,2.36,2.59,2.72,2.9,3.11,3.07,3.06,3.88,3.17,3.93,4,3.96,3.91,3.85,3.74,3190,13.291667,60304.420667,64.408539,941.786438,-211.486374,1.73130101477197,2.45583951717546,2.23034174588214,8.857696,791.340454,153.662338,112.299721,1173.708862,-27.865143,"CRUZINT"
99,16,45,4.423,3767.48,0.700004,-0.018355,0.699127,-0.144496,-0.96837,0.17592,-0.02525,3764.38,0.142875,-0.708239,0.239001,-0.64874,-0.97729,0.1013,0.11145,2.36,2.59,2.72,2.9,3.11,3.07,3.06,3.88,3.17,3.93,4,3.96,3.91,3.85,3.74,3191,13.295833,60304.424833,64.411697,941.777832,-211.486343,1.73127256750611,2.45587398651343,2.2303161266099,8.869373,791.337158,153.660919,112.294235,1173.705688,-27.872057,"CRUZINT"
100,16,45,4.479,3767.5,0.699971,-0.018205,0.699163,-0.144502,-0.96704,0.17697,-0.024,3764.4,0.143104,-0.708182,0.23897,-0.648763,-0.97825,0.10048,0.11237,2.37,2.59,2.72,2.9,3.11,3.07,3.06,3.88,3.17,3.93,4,3.96,3.91,3.85,3.74,3204,13.35,60304.479,64.484322,941.695251,-211.481735,1.7309786649273,2.45623225789119,2.23004917941233,8.89913,791.361267,153.669693,112.280464,1173.693726,-27.928577,"CRUZINT"
101,16,45,4.485,3767.52,0.699974,-0.018138,0.699163,-0.144491,-0.96685,0.17749,-0.02333,3764.42,0.143323,-0.708138,0.238986,-0.648757,-0.97749,0.10303,0.11372,2.36,2.59,2.72,2.9,3.11,3.07,3.06,3.88,3.17,3.93,4,3.96,3.9,3.85,3.74,3206,13.358333,60304.487333,64.500946,941.686951,-211.483582,1.73094623187497,2.45626330856692,2.2300282998322,8.90421,791.368103,153.66861,112.288216,1173.694824,-27.932594,"CRUZINT"
102,16,45,4.489,3767.54,0.699973,-0.018115,0.699164,-0.144497,-0.96805,0.17657,-0.02448,3764.44,0.143491,-0.708137,0.239001,-0.648715,-0.97674,0.10563,0.11173,2.36,2.59,2.72,2.9,3.11,3.07,3.06,3.88,3.17,3.93,4.01,3.96,3.91,3.85,3.74,3207,13.3625,60304.4915,64.50695,941.681885,-211.487518,1.73092144733885,2.45630513001869,2.22999403087621,8.908036,791.368103,153.671066,112.287102,1173.69873,-27.943825,"CRUZINT"
103,16,45,4.535,3767.56,0.69991,-0.018022,0.699203,-0.144626,-0.96915,0.1761,-0.02492,3764.46,0.143676,-0.70809,0.239009,-0.648722,-0.97532,0.1028,0.11159,2.37,2.59,2.72,2.9,3.11,3.07,3.06,3.88,3.17,3.93,4,3.95,3.9,3.85,3.74,3218,13.408333,60304.537333,64.577858,941.658752,-211.529587,1.73085724956655,2.4564315933828,2.22988690585869,8.909128,791.393127,153.639618,112.340652,1173.70752,-28.004992,"CRUZINT"
104,16,45,4.54,3767.58,0.699903,-0.018026,0.699203,-0.144659,-0.96903,0.17475,-0.02438,3764.48,0.143824,-0.708101,0.239062,-0.648658,-0.97417,0.10144,0.11093,2.36,2.59,2.72,2.9,3.11,3.07,3.06,3.88,3.17,3.93,4,3.95,3.9,3.85,3.74,3219,13.4125,60304.5415,64.585602,941.661804,-211.540085,1.73087126999482,2.45643955529363,2.22987429083962,8.9156,791.392944,153.638474,112.350876,1173.703979,-28.024887,"CRUZINT"
105,16,45,4.56,3767.6,0.699992,-0.018087,0.699116,-0.144642,-0.96927,0.17367,-0.02741,3764.5,0.143952,-0.708014,0.239254,-0.648654,-0.97501,0.10435,0.11267,2.36,2.59,2.72,2.9,3.11,3.07,3.06,3.88,3.17,3.93,4,3.96,3.91,3.85,3.74,3224,13.433333,60304.562333,64.598587,941.656372,-211.576248,1.7308663412193,2.45642635563549,2.22988925211515,8.915603,791.39856,153.620102,112.363182,1173.699829,-28.054512,"CRUZINT"
106,16,45,4.565,3767.62,0.700004,-0.018114,0.699098,-0.144667,-0.96953,0.17278,-0.02572,3764.52,0.143958,-0.708041,0.239255,-0.648623,-0.97419,0.10843,0.11269,2.37,2.59,2.72,2.9,3.11,3.07,3.06,3.88,3.17,3.93,4,3.96,3.91,3.85,3.74,3225,13.4375,60304.5665,64.601181,941.655823,-211.583908,1.73087605701738,2.45641366701153,2.22989893634937,8.919424,791.400879,153.615921,112.368706,1173.697144,-28.059664,"CRUZINT"
107,16,45,4.62,3767.64,0.70003,-0.018132,0.699063,-0.144706,-0.9692,0.17261,-0.02696,3764.54,0.143885,-0.708054,0.239254,-0.648624,-0.9741,0.10447,0.11281,2.36,2.59,2.72,2.9,3.11,3.07,3.06,3.88,3.17,3.93,4,3.95,3.91,3.85,3.74,3238,13.491667,60304.620667,64.611916,941.685059,-211.700958,1.73100074262245,2.45627950019626,2.22999418525586,8.926605,791.422241,153.552673,112.416679,1173.702637,-28.152803,"CRUZINT"
108,16,45,4.625,3767.66,0.700113,-0.018182,0.698986,-0.144671,-0.96894,0.17188,-0.02687,3764.56,0.143798,-0.708117,0.239277,-0.648567,-0.974,0.10149,0.11475,2.36,2.59,2.72,2.9,3.11,3.07,3.06,3.88,3.17,3.94,4,3.96,3.91,3.85,3.74,3240,13.5,60304.629,64.602211,941.692566,-211.707123,1.73103960251199,2.456224063266,2.23003765208522,8.924801,791.42688,153.554047,112.418411,1173.699341,-28.148899,"CRUZINT"
109,16,45,4.629,3767.68,0.700137,-0.018152,0.698964,-0.144666,-0.96709,0.17467,-0.02616,3764.58,0.143695,-0.708147,0.239368,-0.648523,-0.97752,0.09835,0.11691,2.36,2.59,2.72,2.9,3.11,3.07,3.06,3.88,3.17,3.93,4,3.96,3.91,3.85,3.74,3240,13.5,60304.629,64.602211,941.692566,-211.707123,1.73103960251199,2.456224063266,2.23003765208522,8.924801,791.42688,153.554047,112.418411,1173.699341,-28.148899,"CRUZINT"
